9,invalid target
41,This
41,me
46,diags.log
46,invalid target
59,This
65,invalid target
65,invalid target
67,This
71,invalid target
72,that
74,invalid target
83,that
110,invalid target
113,invalid target
113,invalid target
117,invalid target
117,invalid target
119,invalid target
119,format-
129,invalid target
129,invalid target
130,It
130,It
135,invalid target
145,invalid target
145,invalid target
145,invalid target
145,invalid target
145,invalid target
145,invalid target
145,invalid target
145,invalid target
178,invalid target
183,invalid target
194,invalid target
197,invalid target
197,invalid target
197,invalid target
197,invalid target
198,invalid target
198,invalid target
198,invalid target
201,This
201,invalid target
202,ContainerRequest
204,This
212,invalid target
212,invalid target
216,invalid target
219,This
219,invalid target
220,effect
220,invalid target
220,invalid target
225,invalid target
229,invalid target
230,invalid target
230,INVALID
231,invalid target
231,this
231,invalid target
236,invalid target
241,thing
241,invalid target
245,invalid target
245,invalid target
248,invalid target
253,invalid target
253,invalid target
256,This
256,invalid target
256,invalid target
261,invalid target
261,invalid target
264,It
267,That
272,This
272,invalid target
272,invalid target
272,invalid target
276,invalid target
277,invalid target
277,invalid target
277,invalid target
277,invalid target
277,invalid target
277,invalid target
277,invalid target
277,invalid target
284,invalid target
284,invalid target
285,invalid target
293,that
296,invalid target
296,invalid target
302,invalid target
302,invalid target
302,invalid target
304,invalid target
304,invalid target
308,It
308,invalid target
313,invalid target
314,It
315,this
317,flag
321,invalid target
321,keys
322,invalid target
323,It
327,invalid target
327,invalid target
327,invalid target
327,invalid target
327,it-
327,invalid target
330,invalid target
330,invalid target
334,invalid target
334,invalid target
337,invalid target
338,invalid target
338,invalid target
338,invalid target
340,invalid target
346,invalid target
346,invalid target
346,invalid target
354,invalid target
354,invalid target
354,invalid target
354,It-
354,invalid target
354,invalid target
356,invalid target
356,invalid target
367,invalid target
373,This
373,invalid target
374,invalid target
380,invalid target
386,invalid target
388,invalid target
388,invalid target
388,invalid target
391,invalid target
391,invalid target
391,invalid target
391,invalid target
392,invalid target
407,invalid target
407,invalid target
409,invalid target
413,invalid target
413,invalid target
414,it
414,invalid target
416,invalid target
