23, you-,cop #1
28, I-,cop #1
29, I-,cop #1
30, I-,cop #1
34, I-,cop #1
35, I-,cop #1
36,it,cop #3
38,something,cop #3
41, This-,cop #1
43, Swear-,cop #1
47, API-,cop #1
51, This-,cop #1
58,lies,cop #2
60, this-,cop #1
62, That-,cop #1
63, debugging-,cop #1
64, recommendation-,cop #1
67, This-,cop #1
71,get,cop #2
75,make-,cop #2
78, HTML-,cop #1
79, food-,cop #1
80,closing,cop #2
82, Tabs-,cop #1
93, Sorry-,cop #1
113, which-,cop #1
121, guys-,cop #1
121, this-,cop #1
122, this-,cop #1
126, it-,cop #1
131, you-,cop #1
132, I-,cop #1
140, I-,cop #1
141, I-,cop #1
142, I-,cop #1
147, I-,cop #1
149, I-,cop #1
151, me-,cop #1
152, people-,cop #1
153, comment-,cop #1
154, I-,cop #1
155,Stupid,cop #2
158, I-,cop #1
163, requests-,cop #1
168, this-,cop #1
169, comment-,cop #1
171, close-with-resources-,cop #1
172, I-,cop #1
175, It-,cop #1
186,had,cop #2
189, This-,cop #1
199, It-,cop #1
209, message-,cop #1
210, I-,cop #1
211, I-,cop #1
214,causes-,cop #2
224,see,cop #2
237, This-,cop #1
239, They-,cop #1
240,see,cop #2
244,something-,cop #3
246, help-,cop #1
247, formatting-,cop #1
252, It-,cop #1
253,catching-,cop #2
255,stands,cop #2
256, This-,cop #1
264, It-,cop #1
267, That-,cop #1
272, This-,cop #1
278, issue-,cop #1
280,Stupid,cop #2
287,found,cop #2
293, that-,cop #1
295,me,cop #3
297, typo-,cop #1
300, it-,cop #1
306,Maven,cop #3
307, example-,cop #1
312,>-,cop #2
320, bug-,cop #1
323, It-,cop #1
326, this-,cop #1
330,made,cop #2
332, bug-,cop #1
333, it-,cop #1
337, Most-,cop #1
339, this-,cop #1
340,met,cop #2
341, one-,cop #1
345, this-,cop #1
355,blaming,cop #2
357, this-,cop #1
362, I-,cop #1
363, I-,cop #1
365, hmm-,cop #1
367,use,cop #2
368,Dumb,cop #2
369, This-,cop #1
371, #ifdefs-,cop #1
373, This-,cop #1
377, This-,cop #1
378, page-,cop #1
379,catch,cop #2
380,have,cop #2
383, that-,cop #1
384, thing-,cop #1
385, Jason-,cop #1
386,forgive-,cop #2
388,have-,cop #2
389, it-,cop #1
396, exeption-,cop #1
397, This-,cop #1
398, code-,cop #1
400,it,cop #3
401, That-,cop #1
403, It-,cop #1
405, tika-config.xml-,cop #1
407, 0002-,cop #1
412, it-,cop #1
417, This-,cop #1
418, This-,cop #1
420,this,cop #3
421, This-,cop #1
423, buttons-,cop #1
428, solution-,cop #1
429, This-,cop #1
432, What-,cop #1
434, it-,cop #1
440, this-,cop #1
448, It-,cop #1
449, issue-,cop #1
451, thing-,cop #1
454, it-,cop #1
455, This-,cop #1
456, bug-,cop #1
458, workaround-,cop #1
461, This-,cop #1
463, It-,cop #1
466, this-,cop #1
471, this-,cop #1
475, It-,cop #1
476,made,cop #2
477, It-,cop #1
480, that-,cop #1
481,code-,cop #3
481,cause-,cop #2
484, page-,cop #1
485, I-,cop #1
496,made,cop #2
497,fixing,cop #2
499, That-,cop #1
501,Destinations,cop #3
512, NOTHING-,cop #1
520, This-,cop #1
525, pages-,cop #1
527, That-,cop #1
531, This-,cop #1
535, MemoryIndex-,cop #1
538,me-,cop #3
544, That-,cop #1
545,work,cop #2
550, bug-,cop #1
552, warnings-,cop #1
553,did,cop #2
557, I-,cop #1
561, that-,cop #1
565,something-,cop #3
566, It-,cop #1
568,display,cop #2
570, -RSB--,cop #1
572, I-,cop #1
573,script,cop #3
581, It-,cop #1
588,connection-,cop #3
596, bug-,cop #1
600,put,cop #2
601,any-,cop #3
603,kinda,cop #3
605, I-,cop #1
606,fixed,cop #2
609,did-,cop #2
617,Oh,cop #2
624, What-,cop #1
626, What-,cop #1
627, I-,cop #1
635, This-,cop #1
637, Some-,cop #1
643, That-,cop #1
644, This-,cop #1
650,made,cop #2
651,me-,cop #3
652, zones-,cop #1
658, ant-foo-,cop #1
663, I-,cop #1
672,ok,cop #2
674,found,cop #2
677, memory-,cop #1
679,Stupid,cop #2
684, This-,cop #1
685, it-,cop #1
686, code-,cop #1
689,did,cop #2
697, That-,cop #1
699, Those-,cop #1
708, what-,cop #1
710, color-,cop #1
718,consider-,cop #2
723, It-,cop #1
